{"cameraMode":{"drawMode":0,"name":"Shaded","section":"Shading Mode"},"sceneLighting":true,"audioPlay":false,"sceneViewState":{"m_AlwaysRefresh":false,"showFog":true,"showSkybox":true,"showFlares":true,"showImageEffects":true,"showParticleSystems":true,"showVisualEffectGraphs":true,"m_FxEnabled":true},"in2DMode":false,"pivot":{"x":0.0065593719482421879,"y":2.805877923965454,"z":0.01810908317565918},"rotation":{"x":-0.014027896337211132,"y":-0.8001880049705505,"z":0.018740741536021234,"w":-0.5993725657463074},"size":4.998702049255371,"orthographic":false}