{"cameraMode":{"drawMode":0,"name":"Shaded","section":"Shading Mode"},"sceneLighting":false,"audioPlay":false,"sceneViewState":{"m_AlwaysRefresh":false,"showFog":true,"showSkybox":false,"showFlares":true,"showImageEffects":true,"showParticleSystems":true,"showVisualEffectGraphs":true,"m_FxEnabled":true},"in2DMode":false,"pivot":{"x":0.30187666416168215,"y":0.002900034189224243,"z":-0.003897249698638916},"rotation":{"x":-0.09395824372768402,"y":0.04985051974654198,"z":-0.004697680007666349,"w":-0.994365394115448},"size":0.3732638359069824,"orthographic":false}